{"cameraMode":{"drawMode":0,"name":"Shaded","section":"Shading Mode"},"sceneLighting":false,"audioPlay":false,"sceneViewState":{"m_AlwaysRefresh":false,"showFog":false,"showSkybox":false,"showFlares":false,"showImageEffects":false,"showParticleSystems":false,"showVisualEffectGraphs":true,"m_FxEnabled":true},"in2DMode":false,"pivot":{"x":-5.553818225860596,"y":-0.3084067106246948,"z":3.9728572368621828},"rotation":{"x":-0.0032713208347558977,"y":0.9957165122032166,"z":0.03885263577103615,"w":0.08383745700120926},"size":0.7180720567703247,"orthographic":false}