{"cameraMode":{"drawMode":0,"name":"Shaded","section":"Shading Mode"},"sceneLighting":false,"audioPlay":false,"sceneViewState":{"m_AlwaysRefresh":false,"showFog":false,"showSkybox":false,"showFlares":false,"showImageEffects":false,"showParticleSystems":false,"showVisualEffectGraphs":true,"m_FxEnabled":true},"in2DMode":false,"pivot":{"x":-0.14571814239025117,"y":-0.02362748421728611,"z":1.3616454601287842},"rotation":{"x":-0.006741598714143038,"y":0.8662970662117004,"z":0.011695724911987782,"w":0.4993480145931244},"size":0.43542852997779848,"orthographic":false}