{"cameraMode":{"drawMode":0,"name":"Shaded","section":"Shading Mode"},"sceneLighting":false,"audioPlay":false,"sceneViewState":{"m_AlwaysRefresh":false,"showFog":false,"showSkybox":false,"showFlares":false,"showImageEffects":false,"showParticleSystems":false,"showVisualEffectGraphs":true,"m_FxEnabled":true},"in2DMode":false,"pivot":{"x":3.113914728164673,"y":1.4288698434829713,"z":-2.9007275104522707},"rotation":{"x":0.15115462243556977,"y":-0.12684281170368195,"z":0.019500235095620157,"w":0.9801668524742127},"size":3.187889337539673,"orthographic":false}