{"cameraMode":{"drawMode":0,"name":"Shaded","section":"Shading Mode"},"sceneLighting":false,"audioPlay":false,"sceneViewState":{"m_AlwaysRefresh":false,"showFog":false,"showSkybox":false,"showFlares":false,"showImageEffects":false,"showParticleSystems":false,"showVisualEffectGraphs":true,"m_FxEnabled":true},"in2DMode":false,"pivot":{"x":-0.42066165804862978,"y":1.1320703029632569,"z":0.6212989687919617},"rotation":{"x":0.10599718242883682,"y":0.8275606632232666,"z":-0.5255479216575623,"w":0.16679146885871888},"size":0.21650803089141847,"orthographic":false}