{"cameraMode":{"drawMode":0,"name":"Shaded","section":"Shading Mode"},"sceneLighting":true,"audioPlay":false,"sceneViewState":{"m_AlwaysRefresh":false,"showFog":false,"showSkybox":false,"showFlares":false,"showImageEffects":false,"showParticleSystems":false,"showVisualEffectGraphs":true,"m_FxEnabled":true},"in2DMode":false,"pivot":{"x":2.4399256706237795,"y":3.099231719970703,"z":0.32146990299224856},"rotation":{"x":-0.11272303760051727,"y":-0.38590171933174136,"z":-0.047700535506010059,"w":0.9145475029945374},"size":1.010124683380127,"orthographic":false}